property_id,address,suburb,postcode,bedrooms,bathrooms,parking,land_size_sqm,sale_price,sale_date,property_type,sale_method,distance_to_cbd_km,agent_description_snippet,data_source,notes,land_size_missing,distance_to_cbd_missing,sale_date_missing,predicted_price,error,abs_error,pct_error
P0001,"103 Halcyon Avenue, Kellyville NSW 2155",Kellyville,2155,5,3,2,502.0,1521000,2026-07-05,House,,,,realestate.com.au,,False,True,False,2661077.356640428,1140077.3566404278,1140077.3566404278,74.95577624197422
P0002,"75 Aruma Avenue, Kellyville NSW 2155",Kellyville,2155,3,2,1,743.0,2915000,2026-04-13,House,,,,realestate.com.au,,False,True,False,1937914.1687804288,-977085.8312195712,977085.8312195712,-33.5192394929527
P0003,"38 Chalet Road, Kellyville NSW 2155",Kellyville,2155,3,2,2,421.0,1652000,2026-06-21,House,,,,realestate.com.au,,False,True,False,1786358.4052218667,134358.40522186668,134358.40522186668,8.133075376626312
P0004,"49 Rutherford Avenue, Kellyville NSW 2155",Kellyville,2155,3,4,2,845.0,2086000,2026-07-29,House,,,,realestate.com.au,,False,True,False,2852749.4051308925,766749.4051308925,766749.4051308925,36.756922585373566
P0005,"108 Halcyon Avenue, Kellyville NSW 2155",Kellyville,2155,4,2,2,420.0,2240000,2026-04-04,House,,,,realestate.com.au,,False,True,False,1988271.0409505013,-251728.95904949866,251728.95904949866,-11.237899957566905
P0006,"18 Aruma Avenue, Kellyville NSW 2155",Kellyville,2155,5,2,2,745.0,1964000,2026-05-11,House,,,,realestate.com.au,,False,True,False,2773607.8980494817,809607.8980494817,809607.8980494817,41.22239806769255
P0007,"84 Skye Court, Kellyville NSW 2155",Kellyville,2155,4,2,2,434.0,1605000,2026-06-29,House,,,,realestate.com.au,,False,True,False,1988271.0409505013,383271.04095050134,383271.04095050134,23.879815635545253
P0008,"36 Avril Court, Kellyville NSW 2155",Kellyville,2155,4,2,2,505.0,3195000,2026-07-26,House,,,,realestate.com.au,,False,True,False,2076634.9391963503,-1118365.0608036497,1118365.0608036497,-35.00360127710954
P0009,"93 Avril Court, Kellyville NSW 2155",Kellyville,2155,4,4,2,669.0,2215000,2026-09-03,House,,,,realestate.com.au,,False,True,False,2534357.3303890484,319357.33038904844,319357.33038904844,14.417938166548463
P0010,"72 Womboyne Avenue, Kellyville NSW 2155",Kellyville,2155,3,2,2,607.0,3172000,2026-06-28,House,,,,realestate.com.au,,False,True,False,2232971.6789043252,-939028.3210956748,939028.3210956748,-29.60366712155343
P0011,"21 Buckeridge Place, Kellyville NSW 2155",Kellyville,2155,4,2,2,421.0,1928000,2026-08-30,House,,,,realestate.com.au,,False,True,False,1882886.8991719603,-45113.10082803969,45113.10082803969,-2.339891121786291
P0012,"72 Avril Court, Kellyville NSW 2155",Kellyville,2155,4,2,2,631.0,2112000,2026-07-02,House,,,,realestate.com.au,,False,True,False,2437828.767595627,325828.7675956269,325828.7675956269,15.42749846570203
P0013,"89 Avril Court, Kellyville NSW 2155",Kellyville,2155,4,3,2,652.0,2798000,2026-06-21,House,,,,realestate.com.au,,False,True,False,2413074.8696164116,-384925.1303835884,384925.1303835884,-13.75715262271581
P0014,"75 Gormon Avenue, Kellyville NSW 2155",Kellyville,2155,4,2,2,715.0,1919000,2026-06-18,House,,,,realestate.com.au,,False,True,False,2122131.3754645493,203131.3754645493,203131.3754645493,10.585272301435607
P0015,"98 Proteus Place, Kellyville NSW 2155",Kellyville,2155,4,2,2,846.0,2607000,2026-09-17,House,,,,realestate.com.au,,False,True,False,2393723.9725550376,-213276.0274449624,213276.0274449624,-8.180898636170403
P0016,"88 Aruma Avenue, Kellyville NSW 2155",Kellyville,2155,3,2,2,670.0,2509000,2026-08-01,House,,,,realestate.com.au,,False,True,False,2526948.9286111984,17948.92861119844,17948.92861119844,0.7153817700756652
P0017,"100 Valenti Crescent, Kellyville NSW 2155",Kellyville,2155,4,2,2,643.0,1589000,2026-08-25,House,,,,realestate.com.au,,False,True,False,2378508.0777621795,789508.0777621795,789508.0777621795,49.68584504481935
P0018,"24 Meadow Place, Kellyville NSW 2155",Kellyville,2155,4,2,2,521.0,2911000,2026-04-20,House,,,,realestate.com.au,,False,True,False,2063586.0657081981,-847413.9342918019,847413.9342918019,-29.1107500615528
P0019,"103 Halcyon Avenue, Kellyville NSW 2155",Kellyville,2155,4,2,2,487.0,2491000,2026-05-30,House,,,,realestate.com.au,,False,True,False,1847399.0687652286,-643600.9312347714,643600.9312347714,-25.837050631664848
P0020,"118 Chalet Road, Kellyville NSW 2155",Kellyville,2155,4,2,2,521.0,2080000,2026-05-31,House,,,,realestate.com.au,,False,True,False,2536553.727052374,456553.7270523738,456553.7270523738,21.94969841597951
P0021,"53 Valenti Crescent, Kellyville NSW 2155",Kellyville,2155,4,2,2,730.0,1729000,2026-07-31,House,,,,realestate.com.au,,False,True,False,2109953.6812279667,380953.6812279667,380953.6812279667,22.033179943780606
P0022,"2 Lucas Circuit, Kellyville NSW 2155",Kellyville,2155,4,2,2,831.0,1893000,2026-05-02,House,,,,realestate.com.au,,False,True,False,2385814.1668752055,492814.16687520547,492814.16687520547,26.033500627322
P0023,"53 Proteus Place, Kellyville NSW 2155",Kellyville,2155,3,2,2,657.0,3006000,2026-04-10,House,,,,realestate.com.au,,False,True,False,2514586.401990449,-491413.59800955094,491413.59800955094,-16.347757751482067
P0024,"2 Lucas Circuit, Kellyville NSW 2155",Kellyville,2155,3,2,2,785.0,1607000,2026-05-24,House,,,,realestate.com.au,,False,True,False,2399259.223030907,792259.2230309071,792259.2230309071,49.30051170074095
P0025,"52 Halcyon Avenue, Kellyville NSW 2155",Kellyville,2155,4,2,2,785.0,1993000,2026-04-17,House,,,,realestate.com.au,,False,True,False,2038115.0819706065,45115.081970606465,45115.081970606465,2.263676967918036
P0026,"1 Lucy Place, Kellyville NSW 2155",Kellyville,2155,4,2,2,630.0,2854000,2026-07-16,House,,,,realestate.com.au,,False,True,False,2340938.6804490928,-513061.31955090724,513061.31955090724,-17.976920797158627
P0027,"4 Cayden Avenue, Kellyville NSW 2155",Kellyville,2155,4,2,2,612.0,2432000,2026-07-29,House,,,,realestate.com.au,,False,True,False,2263099.7467742735,-168900.25322572654,168900.25322572654,-6.944911728031519
P0028,"1 Hamilton Way, Kellyville NSW 2155",Kellyville,2155,4,2,2,540.0,2100000,2026-08-02,House,,,,realestate.com.au,,False,True,False,2451715.437437041,351715.4374370412,351715.4374370412,16.748354163668626
P0029,"9 Fox Creek Circuit, Kellyville NSW 2155",Kellyville,2155,5,3,2,710.0,2950000,2026-06-15,House,,,,realestate.com.au,,False,True,False,2684818.174950848,-265181.82504915213,265181.82504915213,-8.989214408445836
P0030,"12 Crestview Avenue, Kellyville NSW 2155",Kellyville,2155,4,2,2,680.0,2380000,2026-05-18,House,,,,realestate.com.au,,False,True,False,2434482.1189698037,54482.118969803676,54482.118969803676,2.289164662596793
P0031,"34 Macquarie Avenue, Kellyville NSW 2155",Kellyville,2155,4,2,2,590.0,2150000,2026-07-11,House,,,,realestate.com.au,,False,True,False,2194160.070524335,44160.07052433491,44160.07052433491,2.0539567685737166
P0032,"55 Duncraig Drive, Kellyville NSW 2155",Kellyville,2155,4,2,2,620.0,2290000,2026-08-09,House,,,,realestate.com.au,,False,True,False,2313297.912668419,23297.91266841907,23297.91266841907,1.0173760990576013
P0033,"81 Lavender Avenue, Kellyville NSW 2155",Kellyville,2155,5,3,2,740.0,2880000,2026-06-03,House,,,,realestate.com.au,,False,True,False,2817121.7814091644,-62878.218590835575,62878.218590835575,-2.1832714788484577
P0034,"19 Honeysuckle Place, Kellyville NSW 2155",Kellyville,2155,3,2,2,510.0,1820000,2026-04-28,House,,,,realestate.com.au,,False,True,False,2060903.3365927616,240903.33659276157,240903.33659276157,13.23644706553635
P0035,"67 Woodstream Crescent, Kellyville NSW 2155",Kellyville,2155,4,2,2,650.0,2410000,2026-05-22,House,,,,realestate.com.au,,False,True,False,2290537.5989830275,-119462.4010169725,119462.4010169725,-4.956946100289315
P0036,"42 Braemar Avenue, Kellyville NSW 2155",Kellyville,2155,4,3,2,700.0,2650000,2026-07-19,House,,,,realestate.com.au,,False,True,False,2599394.4836299433,-50605.51637005666,50605.51637005666,-1.9096421271719497
P0037,"11 McKellar Court, Kellyville NSW 2155",Kellyville,2155,3,2,1,460.0,1750000,2026-08-14,House,,,,realestate.com.au,,False,True,False,1740125.55496085,-9874.445039150072,9874.445039150072,-0.564254002237147
P0038,"90 Rosebery Road, Kellyville NSW 2155",Kellyville,2155,5,3,2,810.0,3050000,2026-06-30,House,,,,realestate.com.au,,False,True,False,3092601.2113950197,42601.211395019665,42601.211395019665,1.396761029344907
P0039,"23 Willcox Crescent, Kellyville NSW 2155",Kellyville,2155,4,2,2,580.0,2200000,2026-09-01,House,,,,realestate.com.au,,False,True,False,2179695.85285846,-20304.147141539957,20304.147141539957,-0.9229157791609072
P0040,"77 Alessandra Drive, Kellyville NSW 2155",Kellyville,2155,4,2,2,630.0,2340000,2026-05-14,House,,,,realestate.com.au,,False,True,False,2533686.4140464608,193686.41404646076,193686.41404646076,8.277197181472683
P0041,"15 Burns Road, Kellyville NSW 2155",Kellyville,2155,4,2,2,560.0,2090000,2026-07-08,House,,,,realestate.com.au,,False,True,False,2129634.085569175,39634.08556917496,39634.08556917496,1.896367730582534
P0042,"63 Crystal Place, Kellyville NSW 2155",Kellyville,2155,3,2,2,490.0,1880000,2026-04-19,House,,,,realestate.com.au,,False,True,False,1908316.6846853185,28316.684685318498,28316.684685318498,1.5062066321977925
P0043,"28 Frasca Place, Kellyville NSW 2155",Kellyville,2155,5,3,2,760.0,2920000,2026-08-21,House,,,,realestate.com.au,,False,True,False,2915088.002509037,-4911.997490962967,4911.997490962967,-0.16821909215626601
P0044,"104 Jupiter Road, Kellyville NSW 2155",Kellyville,2155,4,2,2,610.0,2270000,2026-06-12,House,,,,realestate.com.au,,False,True,False,2263386.1399069875,-6613.860093012452,6613.860093012452,-0.29135947546310365
P0045,"5 Wyrmwood Avenue, Kellyville NSW 2155",Kellyville,2155,4,2,2,530.0,2010000,2026-05-27,House,,,,realestate.com.au,,False,True,False,2481062.4158868855,471062.4158868855,471062.4158868855,23.435941088899774
P0046,"82 Samantha Riley Drive, Kellyville NSW 2155",Kellyville,2155,4,3,2,690.0,2580000,2026-07-30,House,,,,realestate.com.au,,False,True,False,2578750.36371438,-1249.6362856198102,1249.6362856198102,-0.04843551494650427
P0047,"39 Greenwood Road, Kellyville NSW 2155",Kellyville,2155,3,2,2,510.0,1840000,2026-08-05,House,,,,realestate.com.au,,False,True,False,2060903.3365927616,220903.33659276157,220903.33659276157,12.005616119171824
P0048,"71 President Road, Kellyville NSW 2155",Kellyville,2155,5,3,2,820.0,3120000,2026-04-25,House,,,,realestate.com.au,,False,True,False,3079164.919069036,-40835.08093096409,40835.08093096409,-1.3088166965052594
P0049,"14 Memorial Avenue, Kellyville NSW 2155",Kellyville,2155,4,2,2,640.0,2390000,2026-06-17,House,,,,realestate.com.au,,False,True,False,2211283.6943027107,-178716.3056972893,178716.3056972893,-7.4776696944472505
P0050,"96 Windsor Road, Kellyville NSW 2155",Kellyville,2155,4,2,2,600.0,2180000,2026-09-10,House,,,,realestate.com.au,,False,True,False,2244247.0994072272,64247.099407227244,64247.099407227244,2.947114651707672
P0051,"51 Acres Road, Kellyville NSW 2155",Kellyville,2155,3,2,2,480.0,1790000,2026-05-08,House,,,,realestate.com.au,,False,True,False,1801319.0500268377,11319.050026837736,11319.050026837736,0.6323491635104881
P0052,"29 Severn Place, Kellyville NSW 2155",Kellyville,2155,4,2,2,570.0,2140000,2026-07-22,House,,,,realestate.com.au,,False,True,False,2123361.4186378843,-16638.581362115685,16638.581362115685,-0.7775038019680227
P0053,"88 Hector Court, Kellyville NSW 2155",Kellyville,2155,4,3,2,720.0,2710000,2026-08-27,House,,,,realestate.com.au,,False,True,False,2492699.400141219,-217300.59985878086,217300.59985878086,-8.018472319512208
P0054,"12 Stobart Terrace, Kellyville NSW 2155",Kellyville,2155,5,3,2,780.0,2990000,2026-06-04,House,,,,realestate.com.au,,False,True,False,2991335.3983009495,1335.398300949484,1335.398300949484,0.044662150533427564
P0055,"64 Wrights Road, Kellyville NSW 2155",Kellyville,2155,4,2,2,610.0,2260000,2026-04-16,House,,,,realestate.com.au,,False,True,False,2294832.338215139,34832.33821513923,34832.33821513923,1.5412539033247445
P0056,"33 Harrington Avenue, Kellyville NSW 2155",Kellyville,2155,3,2,1,450.0,1720000,2026-07-01,House,,,,realestate.com.au,,False,True,False,1707914.9927310238,-12085.007268976187,12085.007268976187,-0.7026167016846621
P0057,"78 Redden Drive, Kellyville NSW 2155",Kellyville,2155,4,2,2,660.0,2480000,2026-08-18,House,,,,realestate.com.au,,False,True,False,2427324.622129347,-52675.377870652825,52675.377870652825,-2.124007172203743
P0058,"20 Gowan Brae Drive, Kellyville NSW 2155",Kellyville,2155,4,2,2,590.0,2210000,2026-05-19,House,,,,realestate.com.au,,False,True,False,2172535.0715765,-37464.928423500154,37464.928423500154,-1.6952456300226313
P0059,"91 Foxall Road, Kellyville NSW 2155",Kellyville,2155,5,4,2,850.0,3180000,2026-09-05,House,,,,realestate.com.au,,False,True,False,3057871.124608626,-122128.87539137388,122128.87539137388,-3.840530672684713
P0060,"47 Witherington Drive, Kellyville NSW 2155",Kellyville,2155,4,2,2,630.0,2350000,2026-06-25,House,,,,realestate.com.au,,False,True,False,2533686.4140464608,183686.41404646076,183686.41404646076,7.816443150913225
P0061,"16 Stringer Road, Kellyville NSW 2155",Kellyville,2155,3,2,2,500.0,1860000,2026-04-11,House,,,,realestate.com.au,,False,True,False,1891281.8371440812,31281.837144081248,31281.837144081248,1.6818192012946906
P0062,"83 Withers Road, Kellyville NSW 2155",Kellyville,2155,4,3,2,710.0,2640000,2026-07-14,House,,,,realestate.com.au,,False,True,False,2657371.52436219,17371.52436219016,17371.52436219016,0.658012286446597
P0063,"27 Barry Road, Kellyville NSW 2155",Kellyville,2155,4,2,2,580.0,2190000,2026-08-08,House,,,,realestate.com.au,,False,True,False,2181163.393258761,-8836.606741238851,8836.606741238851,-0.4034980247141028
P0064,"61 Mapleton Avenue, Kellyville NSW 2155",Kellyville,2155,5,3,2,790.0,3020000,2026-05-31,House,,,,realestate.com.au,,False,True,False,3036358.0939176665,16358.093917666469,16358.093917666469,0.5416587389955785
P0065,"38 Hezlett Road, Kellyville NSW 2155",Kellyville,2155,4,2,2,620.0,2310000,2026-06-08,House,,,,realestate.com.au,,False,True,False,2291758.882373626,-18241.11762637412,18241.11762637412,-0.7896587717045075
P0066,"105 Curtis Road, Kellyville NSW 2155",Kellyville,2155,3,2,2,470.0,1780000,2026-09-12,House,,,,realestate.com.au,,False,True,False,1760412.1549982494,-19587.845001750626,19587.845001750626,-1.1004407304354284
P0067,"74 Fairway Drive, Kellyville NSW 2155",Kellyville,2155,4,2,2,650.0,2430000,2026-07-27,House,,,,realestate.com.au,,False,True,False,2423441.507051135,-6558.492948865052,6558.492948865052,-0.2698968291714013
P0068,"22 Stone Mason Drive, Kellyville NSW 2155",Kellyville,2155,4,3,2,680.0,2570000,2026-04-06,House,,,,realestate.com.au,,False,True,False,2529678.6492892834,-40321.350710716564,40321.350710716564,-1.5689241521679598
P0069,"93 Severn Place, Kellyville NSW 2155",Kellyville,2155,5,3,2,800.0,3080000,2026-08-23,House,,,,realestate.com.au,,False,True,False,3035593.741896498,-44406.25810350198,44406.25810350198,-1.4417616267370774
P0070,"49 Balmoral Road, Kellyville NSW 2155",Kellyville,2155,4,2,2,600.0,2230000,2026-05-15,House,,,,realestate.com.au,,False,True,False,2229546.650939068,-453.3490609321743,453.3490609321743,-0.020329554301891227
P0071,"18 Pellizzer Boulevard, Kellyville NSW 2155",Kellyville,2155,3,2,1,440.0,1690000,2026-06-20,House,,,,realestate.com.au,,False,True,False,1746187.2718650943,56187.27186509431,56187.27186509431,3.324690642904989
P0072,"84 Severn Place, Kellyville NSW 2155",Kellyville,2155,4,2,2,620.0,2300000,2026-07-09,House,,,,realestate.com.au,,False,True,False,2299579.5867864667,-420.41321353334934,420.41321353334934,-0.018278835371015188
P0073,"37 Macquarie Avenue, Kellyville NSW 2155",Kellyville,2155,4,3,2,700.0,2610000,2026-08-16,House,,,,realestate.com.au,,False,True,False,2629764.4260078357,19764.42600783566,19764.42600783566,0.7572577014496422
P0074,"62 Chalet Road, Kellyville NSW 2155",Kellyville,2155,5,3,2,770.0,2940000,2026-04-30,House,,,,realestate.com.au,,False,True,False,2918659.5250802,-21340.47491980018,21340.47491980018,-0.7258664938707544
P0075,"11 Aruma Avenue, Kellyville NSW 2155",Kellyville,2155,4,2,2,590.0,2180000,2026-09-02,House,,,,realestate.com.au,,False,True,False,2172535.0715765,-7464.928423500154,7464.928423500154,-0.3424279093348695
P0076,"95 Valenti Crescent, Kellyville NSW 2155",Kellyville,2155,3,2,2,510.0,1850000,2026-06-06,House,,,,realestate.com.au,,False,True,False,1900509.812892477,50509.81289247703,50509.81289247703,2.7302601563501097
P0077,"53 Proteus Place, Kellyville NSW 2155",Kellyville,2155,4,2,2,640.0,2380000,2026-05-23,House,,,,realestate.com.au,,False,True,False,2219191.0178279597,-160808.98217204027,160808.98217204027,-6.7566799231949695
P0078,"26 Buckeridge Place, Kellyville NSW 2155",Kellyville,2155,4,3,2,670.0,2520000,2026-07-18,House,,,,realestate.com.au,,False,True,False,2537840.966010893,17840.96601089323,17840.96601089323,0.7079748417021123
P0079,"79 Crystal Place, Kellyville NSW 2155",Kellyville,2155,5,3,2,830.0,3150000,2026-08-04,House,,,,realestate.com.au,,False,True,False,3113542.6026260066,-36457.397373993415,36457.397373993415,-1.1573776944124894
P0080,"44 Cayden Avenue, Kellyville NSW 2155",Kellyville,2155,4,2,2,610.0,2250000,2026-04-24,House,,,,realestate.com.au,,False,True,False,2268641.7319024433,18641.73190244334,18641.73190244334,0.8285214178863706
P0081,"17 Meadow Place, Kellyville NSW 2155",Kellyville,2155,3,2,1,480.0,1760000,2026-06-14,House,,,,realestate.com.au,,False,True,False,1825441.4276235914,65441.427623591386,65441.427623591386,3.7182629331586017
P0082,"83 Rutherford Avenue, Kellyville NSW 2155",Kellyville,2155,4,2,2,630.0,2370000,2026-09-08,House,,,,realestate.com.au,,False,True,False,2533686.4140464608,163686.41404646076,163686.41404646076,6.906599748795812
P0083,"30 Fox Creek Circuit, Kellyville NSW 2155",Kellyville,2155,4,3,2,710.0,2680000,2026-05-05,House,,,,realestate.com.au,,False,True,False,2640364.8130266275,-39635.186973372474,39635.186973372474,-1.4789248870661371
P0084,"66 Lucas Circuit, Kellyville NSW 2155",Kellyville,2155,5,3,2,780.0,2970000,2026-07-23,House,,,,realestate.com.au,,False,True,False,2991335.3983009495,21335.398300949484,21335.398300949484,0.7183635791565484
P0085,"21 Crestview Avenue, Kellyville NSW 2155",Kellyville,2155,4,2,2,580.0,2170000,2026-08-29,House,,,,realestate.com.au,,False,True,False,2188663.3763789926,18663.376378992572,18663.376378992572,0.8600634276033444
P0086,"94 Womboyne Avenue, Kellyville NSW 2155",Kellyville,2155,3,2,2,500.0,1830000,2026-04-18,House,,,,realestate.com.au,,False,True,False,1997726.1317316757,167726.1317316757,167726.1317316757,9.165362389709054
P0087,"58 Skye Court, Kellyville NSW 2155",Kellyville,2155,4,2,2,620.0,2290000,2026-06-27,House,,,,realestate.com.au,,False,True,False,2313297.912668419,23297.91266841907,23297.91266841907,1.0173760990576013
P0088,"13 Burns Road, Kellyville NSW 2155",Kellyville,2155,4,3,2,690.0,2590000,2026-07-12,House,,,,realestate.com.au,,False,True,False,2570272.5975367273,-19727.40246327268,19727.40246327268,-0.7616757707827289
P0089,"70 Gormon Avenue, Kellyville NSW 2155",Kellyville,2155,5,4,2,840.0,3210000,2026-08-11,House,,,,realestate.com.au,,False,True,False,3057843.6090782173,-152156.3909217827,152156.3909217827,-4.740074483544633
P0090,"41 Avril Court, Kellyville NSW 2155",Kellyville,2155,4,2,2,600.0,2220000,2026-05-12,House,,,,realestate.com.au,,False,True,False,2244247.0994072272,24247.099407227244,24247.099407227244,1.0922116850102364
P0091,"87 Macquarie Avenue, Kellyville NSW 2155",Kellyville,2155,3,2,1,460.0,1730000,2026-09-15,House,,,,realestate.com.au,,False,True,False,1740125.55496085,10125.554960849928,10125.554960849928,0.585292194268782
P0092,"32 Halcyon Avenue, Kellyville NSW 2155",Kellyville,2155,4,2,2,650.0,2420000,2026-06-01,House,,,,realestate.com.au,,False,True,False,2290537.5989830275,-129462.4010169725,129462.4010169725,-5.349685992436879
P0093,"76 Lavender Avenue, Kellyville NSW 2155",Kellyville,2155,4,3,2,720.0,2700000,2026-07-04,House,,,,realestate.com.au,,False,True,False,2492699.400141219,-207300.59985878086,207300.59985878086,-7.677799994769662
P0094,"19 Woodstream Crescent, Kellyville NSW 2155",Kellyville,2155,5,3,2,810.0,3100000,2026-08-26,House,,,,realestate.com.au,,False,True,False,3062588.71193679,-37411.28806320997,37411.28806320997,-1.206815743974515
P0095,"63 Duncraig Drive, Kellyville NSW 2155",Kellyville,2155,4,2,2,590.0,2190000,2026-04-09,House,,,,realestate.com.au,,False,True,False,2179273.4827088206,-10726.517291179392,10726.517291179392,-0.48979531009951566
P0096,"28 Honeysuckle Place, Kellyville NSW 2155",Kellyville,2155,3,2,2,490.0,1810000,2026-05-29,House,,,,realestate.com.au,,False,True,False,1908316.6846853185,98316.6846853185,98316.6846853185,5.4318610323380385
P0097,"92 Frasca Place, Kellyville NSW 2155",Kellyville,2155,4,2,2,630.0,2330000,2026-06-16,House,,,,realestate.com.au,,False,True,False,2340938.6804490928,10938.68044909276,10938.68044909276,0.46947126390956057
P0098,"45 Braemar Avenue, Kellyville NSW 2155",Kellyville,2155,4,3,2,680.0,2540000,2026-07-21,House,,,,realestate.com.au,,False,True,False,2529678.6492892834,-10321.350710716564,10321.350710716564,-0.40635239018569147
P0099,"10 McKellar Court, Kellyville NSW 2155",Kellyville,2155,5,3,2,760.0,2900000,2026-08-13,House,,,,realestate.com.au,,False,True,False,2927198.219377317,27198.219377317,27198.219377317,0.9378696337005862
P0100,"81 Rosebery Road, Kellyville NSW 2155",Kellyville,2155,4,2,2,610.0,2260000,2026-09-06,House,,,,realestate.com.au,,False,True,False,2294832.338215139,34832.33821513923,34832.33821513923,1.5412539033247445
P0101,"90 Edward Bennett Drive, Cherrybrook NSW 2126",Cherrybrook,2126,4,3,1,811.0,2482000,2026-09-11,House,,,,domain.com.au,,False,True,False,2852170.3707076088,370170.37070760876,370170.37070760876,14.914197047043059
P0102,"3 Rosemary Place, Cherrybrook NSW 2126",Cherrybrook,2126,5,3,1,773.0,3129000,2026-08-11,House,,,,domain.com.au,,False,True,False,2944554.706704008,-184445.29329599207,184445.29329599207,-5.894704164141645
P0103,"99 Kenburn Avenue, Cherrybrook NSW 2126",Cherrybrook,2126,4,2,2,538.0,2896000,2026-06-24,House,,,,domain.com.au,,False,True,False,2163489.3491199776,-732510.6508800224,732510.6508800224,-25.293876066299113
P0104,"90 Josephine Crescent, Cherrybrook NSW 2126",Cherrybrook,2126,4,2,2,893.0,1666000,2026-06-01,House,,,,domain.com.au,,False,True,False,3013947.25628273,1347947.25628273,1347947.25628273,80.90919905658643
P0105,"18 Rosemary Place, Cherrybrook NSW 2126",Cherrybrook,2126,4,3,2,868.0,2347000,2026-06-27,House,,,,domain.com.au,,False,True,False,3019919.0206227787,672919.0206227787,672919.0206227787,28.67145379730629
P0106,"42 Pogson Drive, Cherrybrook NSW 2126",Cherrybrook,2126,4,3,2,942.0,1914000,2026-06-01,House,,,,domain.com.au,,False,True,False,2895072.0672997073,981072.0672997073,981072.0672997073,51.25768376696486
P0107,"70 Mariam Place, Cherrybrook NSW 2126",Cherrybrook,2126,5,2,2,1081.0,3126000,2026-05-29,House,,,,domain.com.au,,False,True,False,3169155.783401485,43155.78340148507,43155.78340148507,1.3805432949931244
P0108,"4 Rowena Place, Cherrybrook NSW 2126",Cherrybrook,2126,3,3,1,636.0,2358000,2026-05-10,House,,,,domain.com.au,,False,True,False,2377578.7286496144,19578.72864961438,19578.72864961438,0.8303107993899227
P0109,"115 Monastery Place, Cherrybrook NSW 2126",Cherrybrook,2126,5,4,2,967.0,3355000,2026-07-05,House,,,,domain.com.au,,False,True,False,3315781.3279910428,-39218.67200895725,39218.67200895725,-1.1689619078675781
P0110,"4 Rosemary Place, Cherrybrook NSW 2126",Cherrybrook,2126,5,2,2,1073.0,3064000,2026-07-01,House,,,,domain.com.au,,False,True,False,3183611.3463871386,119611.34638713859,119611.34638713859,3.9037645687708413
P0111,"15 Shepherds Drive, Cherrybrook NSW 2126",Cherrybrook,2126,4,2,2,820.0,2750000,2026-08-12,House,,,,domain.com.au,,False,True,False,2848568.7796470057,98568.77964700572,98568.77964700572,3.5843192598911173
P0112,"8 Francis Greenway Drive, Cherrybrook NSW 2126",Cherrybrook,2126,4,3,2,910.0,3100000,2026-04-22,House,,,,domain.com.au,,False,True,False,2410629.0428942563,-689370.9571057437,689370.9571057437,-22.237772809862697
P0113,"27 Purchase Road, Cherrybrook NSW 2126",Cherrybrook,2126,5,3,2,890.0,2980000,2026-07-19,House,,,,domain.com.au,,False,True,False,3183493.126257421,203493.12625742098,203493.12625742098,6.828628397900033
P0114,"14 Gumnut Road, Cherrybrook NSW 2126",Cherrybrook,2126,4,2,2,750.0,2620000,2026-05-09,House,,,,domain.com.au,,False,True,False,2612389.0809285194,-7610.919071480632,7610.919071480632,-0.2904930943313218
P0115,"3 Grace Close, Cherrybrook NSW 2126",Cherrybrook,2126,4,2,2,710.0,2450000,2026-06-11,House,,,,domain.com.au,,False,True,False,2483797.3940010234,33797.39400102338,33797.39400102338,1.3794854694295258
P0116,"62 County Drive, Cherrybrook NSW 2126",Cherrybrook,2126,5,3,2,950.0,3250000,2026-08-03,House,,,,domain.com.au,,False,True,False,3235686.410668072,-14313.589331928175,14313.589331928175,-0.44041813329009766
P0117,"88 Scarborough Way, Cherrybrook NSW 2126",Cherrybrook,2126,4,2,2,800.0,2810000,2026-04-17,House,,,,domain.com.au,,False,True,False,2802411.803543075,-7588.196456925012,7588.196456925012,-0.27004257853825664
P0118,"31 Greenoaks Avenue, Cherrybrook NSW 2126",Cherrybrook,2126,4,3,2,840.0,2920000,2026-07-28,House,,,,domain.com.au,,False,True,False,2860638.2861631326,-59361.71383686736,59361.71383686736,-2.0329354053721698
P0119,"74 Darlington Drive, Cherrybrook NSW 2126",Cherrybrook,2126,3,2,2,680.0,2290000,2026-05-16,House,,,,domain.com.au,,False,True,False,2290822.369052488,822.3690524878912,822.3690524878912,0.03591131233571577
P0120,"19 Casuarina Drive, Cherrybrook NSW 2126",Cherrybrook,2126,5,3,2,1020.0,3410000,2026-09-02,House,,,,domain.com.au,,False,True,False,3382729.0512300436,-27270.94876995636,27270.94876995636,-0.799734568033911
P0121,"53 Dalkeith Road, Cherrybrook NSW 2126",Cherrybrook,2126,4,2,2,790.0,2730000,2026-06-23,House,,,,domain.com.au,,False,True,False,2746937.0445823767,16937.044582376722,16937.044582376722,0.6204045634570228
P0122,"6 Carob Place, Cherrybrook NSW 2126",Cherrybrook,2126,4,2,2,720.0,2510000,2026-08-20,House,,,,domain.com.au,,False,True,False,2364758.049605668,-145241.95039433194,145241.95039433194,-5.786531888220396
P0123,"91 Holly Road, Cherrybrook NSW 2126",Cherrybrook,2126,5,3,2,910.0,3180000,2026-04-29,House,,,,domain.com.au,,False,True,False,3135120.1233175923,-44879.87668240769,44879.87668240769,-1.411316876805273
P0124,"25 Tamarisk Crescent, Cherrybrook NSW 2126",Cherrybrook,2126,4,2,2,760.0,2670000,2026-07-07,House,,,,domain.com.au,,False,True,False,2643515.8023437588,-26484.197656241246,26484.197656241246,-0.9919175152150279
P0125,"68 Hawthorn Place, Cherrybrook NSW 2126",Cherrybrook,2126,3,2,1,640.0,2150000,2026-05-21,House,,,,domain.com.au,,False,True,False,2145166.4839289705,-4833.516071029473,4833.516071029473,-0.224814700978115
P0126,"12 Flame Tree Place, Cherrybrook NSW 2126",Cherrybrook,2126,5,4,2,1060.0,3480000,2026-08-15,House,,,,domain.com.au,,False,True,False,3442747.2447935175,-37252.755206482485,37252.755206482485,-1.070481471450646
P0127,"83 John Road, Cherrybrook NSW 2126",Cherrybrook,2126,4,3,2,870.0,3010000,2026-06-09,House,,,,domain.com.au,,False,True,False,3019919.0206227787,9919.020622778684,9919.020622778684,0.3295355688630792
P0128,"47 Forester Crescent, Cherrybrook NSW 2126",Cherrybrook,2126,4,2,2,810.0,2780000,2026-09-14,House,,,,domain.com.au,,False,True,False,2808396.3442310365,28396.34423103649,28396.34423103649,1.021451231332248
P0129,"16 Bernard Place, Cherrybrook NSW 2126",Cherrybrook,2126,3,2,2,690.0,2320000,2026-04-05,House,,,,domain.com.au,,False,True,False,2300300.8383221636,-19699.16167783644,19699.16167783644,-0.8491017964584673
P0130,"94 Foxwood Way, Cherrybrook NSW 2126",Cherrybrook,2126,5,3,2,980.0,3320000,2026-07-24,House,,,,domain.com.au,,False,True,False,3312271.985969135,-7728.014030864928,7728.014030864928,-0.2327715069537629
P0131,"39 Trinity Place, Cherrybrook NSW 2126",Cherrybrook,2126,4,2,2,770.0,2690000,2026-08-07,House,,,,domain.com.au,,False,True,False,2677899.5031400947,-12100.49685990531,12100.49685990531,-0.44983259702250217
P0132,"73 Lyndhurst Way, Cherrybrook NSW 2126",Cherrybrook,2126,4,3,2,850.0,2960000,2026-05-13,House,,,,domain.com.au,,False,True,False,2942594.061108679,-17405.938891320955,17405.938891320955,-0.5880384760581404
P0133,"28 Manuka Circle, Cherrybrook NSW 2126",Cherrybrook,2126,5,3,2,920.0,3190000,2026-06-30,House,,,,domain.com.au,,False,True,False,3186821.898222771,-3178.1017772289924,3178.1017772289924,-0.09962701496015651
P0134,"61 Kenburn Avenue, Cherrybrook NSW 2126",Cherrybrook,2126,4,2,2,780.0,2740000,2026-09-01,House,,,,domain.com.au,,False,True,False,2705993.061070298,-34006.938929702155,34006.938929702155,-1.241129158018327
P0135,"14 Greenoaks Avenue, Cherrybrook NSW 2126",Cherrybrook,2126,3,2,1,630.0,2180000,2026-04-26,House,,,,domain.com.au,,False,True,False,2187266.121236762,7266.121236762032,7266.121236762032,0.3333083136129372
P0136,"82 Purchase Road, Cherrybrook NSW 2126",Cherrybrook,2126,4,3,2,860.0,2990000,2026-07-16,House,,,,domain.com.au,,False,True,False,2544335.9570798045,-445664.0429201955,445664.0429201955,-14.905151937130285
P0137,"35 Darlington Drive, Cherrybrook NSW 2126",Cherrybrook,2126,5,3,2,990.0,3370000,2026-08-22,House,,,,domain.com.au,,False,True,False,3346041.892440747,-23958.107559252996,23958.107559252996,-0.7109230729748663
P0138,"70 Casuarina Drive, Cherrybrook NSW 2126",Cherrybrook,2126,4,2,2,800.0,2820000,2026-05-04,House,,,,domain.com.au,,False,True,False,2792417.957515565,-27582.042484434787,27582.042484434787,-0.9780866129232193
P0139,"21 Dalkeith Road, Cherrybrook NSW 2126",Cherrybrook,2126,4,2,2,740.0,2590000,2026-06-18,House,,,,domain.com.au,,False,True,False,2542241.7391854734,-47758.260814526584,47758.260814526584,-1.8439482939971652
P0140,"97 Carob Place, Cherrybrook NSW 2126",Cherrybrook,2126,5,4,2,1050.0,3450000,2026-07-31,House,,,,domain.com.au,,False,True,False,3466038.659116455,16038.659116454888,16038.659116454888,0.46488867004217066
P0141,"43 Holly Road, Cherrybrook NSW 2126",Cherrybrook,2126,3,2,2,670.0,2260000,2026-08-28,House,,,,domain.com.au,,False,True,False,2283657.825539164,23657.82553916378,23657.82553916378,1.046806439786008
P0142,"89 Tamarisk Crescent, Cherrybrook NSW 2126",Cherrybrook,2126,4,2,2,820.0,2860000,2026-04-14,House,,,,domain.com.au,,False,True,False,2810533.200178037,-49466.79982196307,49466.79982196307,-1.729608385383324
P0143,"16 Hawthorn Place, Cherrybrook NSW 2126",Cherrybrook,2126,4,3,2,880.0,3050000,2026-06-25,House,,,,domain.com.au,,False,True,False,3059428.8339246046,9428.83392460458,9428.83392460458,0.30914209588867475
P0144,"58 Flame Tree Place, Cherrybrook NSW 2126",Cherrybrook,2126,5,3,2,970.0,3290000,2026-09-09,House,,,,domain.com.au,,False,True,False,3287431.598320248,-2568.401679751929,2568.401679751929,-0.07806692035720149
P0145,"32 John Road, Cherrybrook NSW 2126",Cherrybrook,2126,4,2,2,760.0,2650000,2026-05-28,House,,,,domain.com.au,,False,True,False,2652036.244358336,2036.2443583360873,2036.2443583360873,0.0768394097485316
P0146,"75 Forester Crescent, Cherrybrook NSW 2126",Cherrybrook,2126,4,2,2,790.0,2760000,2026-07-10,House,,,,domain.com.au,,False,True,False,2720097.4743281296,-39902.52567187045,39902.52567187045,-1.4457436837634219
P0147,"11 Bernard Place, Cherrybrook NSW 2126",Cherrybrook,2126,3,2,1,620.0,2120000,2026-08-17,House,,,,domain.com.au,,False,True,False,2143546.411222024,23546.41122202389,23546.41122202389,1.1106797746237684
P0148,"64 Foxwood Way, Cherrybrook NSW 2126",Cherrybrook,2126,5,3,2,930.0,3220000,2026-04-20,House,,,,domain.com.au,,False,True,False,3181534.0808530464,-38465.919146953616,38465.919146953616,-1.194593762327752
P0149,"29 Gumnut Road, Cherrybrook NSW 2126",Cherrybrook,2126,4,2,2,830.0,2890000,2026-06-13,House,,,,domain.com.au,,False,True,False,2866248.0629419996,-23751.93705800036,23751.93705800036,-0.8218663341868637
P0150,"86 Mariam Place, Cherrybrook NSW 2126",Cherrybrook,2126,4,3,2,890.0,3080000,2026-07-25,House,,,,domain.com.au,,False,True,False,3075878.418079172,-4121.581920828205,4121.581920828205,-0.13381759483208458
P0151,"40 Trinity Place, Cherrybrook NSW 2126",Cherrybrook,2126,5,3,2,1010.0,3390000,2026-09-04,House,,,,domain.com.au,,False,True,False,3380685.844912012,-9314.155087987892,9314.155087987892,-0.2747538374037726
P0152,"77 Lyndhurst Way, Cherrybrook NSW 2126",Cherrybrook,2126,4,2,2,770.0,2680000,2026-05-17,House,,,,domain.com.au,,False,True,False,2677899.5031400947,-2100.49685990531,2100.49685990531,-0.07837674850392948
P0153,"23 Monastery Place, Cherrybrook NSW 2126",Cherrybrook,2126,3,2,2,660.0,2240000,2026-06-05,House,,,,domain.com.au,,False,True,False,2245896.541415344,5896.541415343992,5896.541415343992,0.2632384560421425
P0154,"69 Pogson Drive, Cherrybrook NSW 2126",Cherrybrook,2126,4,3,2,840.0,2930000,2026-08-01,House,,,,domain.com.au,,False,True,False,2860638.2861631326,-69361.71383686736,69361.71383686736,-2.367293987606395
P0155,"15 Manuka Circle, Cherrybrook NSW 2126",Cherrybrook,2126,4,2,2,800.0,2800000,2026-04-10,House,,,,domain.com.au,,False,True,False,2792417.957515565,-7582.042484434787,7582.042484434787,-0.27078723158695667
P0156,"92 Rowena Place, Cherrybrook NSW 2126",Cherrybrook,2126,5,4,2,1040.0,3420000,2026-07-13,House,,,,domain.com.au,,False,True,False,3420697.708296638,697.7082966379821,697.7082966379821,0.0204008273870755
P0157,"38 Josephine Crescent, Cherrybrook NSW 2126",Cherrybrook,2126,4,2,2,750.0,2610000,2026-08-25,House,,,,domain.com.au,,False,True,False,2619442.530286472,9442.530286471825,9442.530286471825,0.36178276959662165
P0158,"81 Shepherds Drive, Cherrybrook NSW 2126",Cherrybrook,2126,3,2,1,610.0,2100000,2026-05-30,House,,,,domain.com.au,,False,True,False,2158110.7104753125,58110.710475312546,58110.710475312546,2.7671766893005976
P0159,"24 Edward Bennett Drive, Cherrybrook NSW 2126",Cherrybrook,2126,4,3,2,870.0,3020000,2026-06-21,House,,,,domain.com.au,,False,True,False,2953279.9164809547,-66720.08351904526,66720.08351904526,-2.209274288710108
P0160,"67 Rosemary Place, Cherrybrook NSW 2126",Cherrybrook,2126,5,3,2,960.0,3270000,2026-09-16,House,,,,domain.com.au,,False,True,False,3250946.4673722074,-19053.532627792563,19053.532627792563,-0.5826768387704148
P0161,"18 County Drive, Cherrybrook NSW 2126",Cherrybrook,2126,4,2,2,820.0,2840000,2026-04-08,House,,,,domain.com.au,,False,True,False,2817392.8512528,-22607.148747200146,22607.148747200146,-0.7960263643380334
P0162,"95 Francis Greenway Drive, Cherrybrook NSW 2126",Cherrybrook,2126,4,2,2,780.0,2710000,2026-07-03,House,,,,domain.com.au,,False,True,False,2721389.804969874,11389.80496987421,11389.80496987421,0.420288006268421
P0163,"51 Scarborough Way, Cherrybrook NSW 2126",Cherrybrook,2126,5,3,2,990.0,3360000,2026-08-19,House,,,,domain.com.au,,False,True,False,3354839.4244203125,-5160.575579687487,5160.575579687487,-0.15358855891927045
P0164,"34 Kenburn Avenue, Cherrybrook NSW 2126",Cherrybrook,2126,3,2,2,650.0,2210000,2026-05-24,House,,,,domain.com.au,,False,True,False,2247047.961020787,37047.96102078678,37047.96102078678,1.6763783267324333
P0165,"79 Greenoaks Avenue, Cherrybrook NSW 2126",Cherrybrook,2126,4,3,2,860.0,2980000,2026-06-16,House,,,,domain.com.au,,False,True,False,2544335.9570798045,-435664.0429201955,435664.0429201955,-14.619598755711257
P0166,"22 Purchase Road, Cherrybrook NSW 2126",Cherrybrook,2126,4,2,2,810.0,2830000,2026-07-27,House,,,,domain.com.au,,False,True,False,2796386.918603331,-33613.08139666915,33613.08139666915,-1.1877413921084505
P0167,"65 Darlington Drive, Cherrybrook NSW 2126",Cherrybrook,2126,5,4,2,1070.0,3490000,2026-09-07,House,,,,domain.com.au,,False,True,False,3368866.5653391336,-121133.43466086639,121133.43466086639,-3.4708720533199537
P0168,"13 Casuarina Drive, Cherrybrook NSW 2126",Cherrybrook,2126,4,2,2,730.0,2560000,2026-04-18,House,,,,domain.com.au,,False,True,False,2329248.3029408017,-230751.69705919828,230751.69705919828,-9.013738166374933
P0169,"88 Dalkeith Road, Cherrybrook NSW 2126",Cherrybrook,2126,3,2,1,600.0,2080000,2026-06-08,House,,,,domain.com.au,,False,True,False,2198347.060602525,118347.06060252478,118347.06060252478,5.689762528967537
P0170,"42 Carob Place, Cherrybrook NSW 2126",Cherrybrook,2126,4,3,2,850.0,2950000,2026-08-10,House,,,,domain.com.au,,False,True,False,2948165.525072281,-1834.4749277192168,1834.4749277192168,-0.06218559077014295
P0171,"99 Holly Road, Cherrybrook NSW 2126",Cherrybrook,2126,5,3,2,940.0,3230000,2026-05-02,House,,,,domain.com.au,,False,True,False,3227928.558656981,-2071.441343018785,2071.441343018785,-0.06413131092937414
P0172,"36 Tamarisk Crescent, Cherrybrook NSW 2126",Cherrybrook,2126,4,2,2,790.0,2750000,2026-07-21,House,,,,domain.com.au,,False,True,False,2720097.4743281296,-29902.525671870448,29902.525671870448,-1.0873645698861982
P0173,"71 Hawthorn Place, Cherrybrook NSW 2126",Cherrybrook,2126,4,2,2,830.0,2880000,2026-08-31,House,,,,domain.com.au,,False,True,False,2864837.5939669684,-15162.406033031642,15162.406033031642,-0.5264724317024876
P0174,"25 Flame Tree Place, Cherrybrook NSW 2126",Cherrybrook,2126,5,3,2,1000.0,3380000,2026-04-27,House,,,,domain.com.au,,False,True,False,3368009.106167545,-11990.893832454924,11990.893832454924,-0.354760172557838
P0175,"84 John Road, Cherrybrook NSW 2126",Cherrybrook,2126,3,2,2,640.0,2190000,2026-06-28,House,,,,domain.com.au,,False,True,False,2143723.764458482,-46276.235541517846,46276.235541517846,-2.1130701160510434
P0176,"17 Forester Crescent, Cherrybrook NSW 2126",Cherrybrook,2126,4,3,2,880.0,3060000,2026-09-13,House,,,,domain.com.au,,False,True,False,3049839.786421288,-10160.213578712195,10160.213578712195,-0.33203312348732666
P0177,"60 Bernard Place, Cherrybrook NSW 2126",Cherrybrook,2126,4,2,2,760.0,2640000,2026-05-11,House,,,,domain.com.au,,False,True,False,2656690.0487972395,16690.04879723955,16690.04879723955,0.6321988180772556
P0178,"26 Foxwood Way, Cherrybrook NSW 2126",Cherrybrook,2126,5,3,2,950.0,3240000,2026-07-08,House,,,,domain.com.au,,False,True,False,3248677.5540108327,8677.554010832682,8677.554010832682,0.2678257410750828
P0179,"93 Gumnut Road, Cherrybrook NSW 2126",Cherrybrook,2126,4,2,2,810.0,2810000,2026-08-14,House,,,,domain.com.au,,False,True,False,2808396.3442310365,-1603.6557689635083,1603.6557689635083,-0.05706960031898606
P0180,"48 Mariam Place, Cherrybrook NSW 2126",Cherrybrook,2126,3,2,1,620.0,2130000,2026-04-15,House,,,,domain.com.au,,False,True,False,2142246.7334838794,12246.733483879361,12246.733483879361,0.5749640133276696
P0181,"12 Trinity Place, Cherrybrook NSW 2126",Cherrybrook,2126,4,3,2,860.0,2970000,2026-06-22,House,,,,domain.com.au,,False,True,False,2544335.9570798045,-425664.0429201955,425664.0429201955,-14.332122657245637
P0182,"79 Lyndhurst Way, Cherrybrook NSW 2126",Cherrybrook,2126,5,3,2,980.0,3310000,2026-07-29,House,,,,domain.com.au,,False,True,False,3313870.0088794506,3870.0088794506155,3870.0088794506155,0.11691869726436904
P0183,"33 Monastery Place, Cherrybrook NSW 2126",Cherrybrook,2126,4,2,2,770.0,2690000,2026-09-03,House,,,,domain.com.au,,False,True,False,2683740.6985263056,-6259.301473694388,6259.301473694388,-0.2326877871261854
P0184,"87 Pogson Drive, Cherrybrook NSW 2126",Cherrybrook,2126,4,2,2,820.0,2850000,2026-05-07,House,,,,domain.com.au,,False,True,False,2816761.8333465,-33238.16665349994,33238.16665349994,-1.1662514615263135
P0185,"20 Manuka Circle, Cherrybrook NSW 2126",Cherrybrook,2126,5,4,2,1030.0,3400000,2026-06-19,House,,,,domain.com.au,,False,True,False,3424669.8079278474,24669.807927847374,24669.807927847374,0.7255825861131581
P0186,"66 Rowena Place, Cherrybrook NSW 2126",Cherrybrook,2126,3,2,2,660.0,2250000,2026-08-02,House,,,,domain.com.au,,False,True,False,2290393.5093770423,40393.5093770423,40393.5093770423,1.795267083424102
P0187,"14 Josephine Crescent, Cherrybrook NSW 2126",Cherrybrook,2126,4,3,2,890.0,3090000,2026-04-23,House,,,,domain.com.au,,False,True,False,2837207.880334965,-252792.11966503505,252792.11966503505,-8.180974746441263
P0188,"91 Shepherds Drive, Cherrybrook NSW 2126",Cherrybrook,2126,4,2,2,780.0,2720000,2026-07-15,House,,,,domain.com.au,,False,True,False,2711460.100221819,-8539.899778181221,8539.899778181221,-0.3139669036096037
P0189,"45 Edward Bennett Drive, Cherrybrook NSW 2126",Cherrybrook,2126,5,3,2,970.0,3280000,2026-08-24,House,,,,domain.com.au,,False,True,False,3295489.055588855,15489.055588854942,15489.055588854942,0.47222730453826045
P0190,"82 Rosemary Place, Cherrybrook NSW 2126",Cherrybrook,2126,4,2,2,800.0,2790000,2026-05-15,House,,,,domain.com.au,,False,True,False,2802411.803543075,12411.803543074988,12411.803543074988,0.4448675105044798
P0191,"27 County Drive, Cherrybrook NSW 2126",Cherrybrook,2126,3,2,1,630.0,2160000,2026-06-30,House,,,,domain.com.au,,False,True,False,2187266.121236762,27266.121236762032,27266.121236762032,1.2623204276278717
P0192,"74 Francis Greenway Drive, Cherrybrook NSW 2126",Cherrybrook,2126,4,3,2,870.0,3030000,2026-09-10,House,,,,domain.com.au,,False,True,False,2970508.0714711845,-59491.92852881551,59491.92852881551,-1.9634299844493566
P0193,"31 Scarborough Way, Cherrybrook NSW 2126",Cherrybrook,2126,5,3,2,1010.0,3390000,2026-04-12,House,,,,domain.com.au,,False,True,False,3388244.880492337,-1755.119507662952,1755.119507662952,-0.05177343680421687
P0194,"86 Kenburn Avenue, Cherrybrook NSW 2126",Cherrybrook,2126,4,2,2,750.0,2620000,2026-07-06,House,,,,domain.com.au,,False,True,False,2604530.1497481195,-15469.850251880474,15469.850251880474,-0.5904522996900944
P0195,"49 Greenoaks Avenue, Cherrybrook NSW 2126",Cherrybrook,2126,4,2,2,830.0,2880000,2026-08-18,House,,,,domain.com.au,,False,True,False,2860546.2598517817,-19453.74014821835,19453.74014821835,-0.6754770884798038
P0196,"92 Purchase Road, Cherrybrook NSW 2126",Cherrybrook,2126,5,3,2,960.0,3260000,2026-05-20,House,,,,domain.com.au,,False,True,False,3250946.4673722074,-9053.532627792563,9053.532627792563,-0.277715724778913
P0197,"15 Darlington Drive, Cherrybrook NSW 2126",Cherrybrook,2126,4,2,2,790.0,2740000,2026-06-14,House,,,,domain.com.au,,False,True,False,2746937.0445823767,6937.044582376722,6937.044582376722,0.2531768095757928
P0198,"68 Casuarina Drive, Cherrybrook NSW 2126",Cherrybrook,2126,3,2,2,670.0,2280000,2026-07-22,House,,,,domain.com.au,,False,True,False,2274742.702560902,-5257.2974390978925,5257.2974390978925,-0.23058322101306544
P0199,"23 Dalkeith Road, Cherrybrook NSW 2126",Cherrybrook,2126,4,3,2,880.0,3070000,2026-08-28,House,,,,domain.com.au,,False,True,False,3049130.8461883115,-20869.153811688535,20869.153811688535,-0.679776997123405
P0200,"80 Carob Place, Cherrybrook NSW 2126",Cherrybrook,2126,5,4,2,1060.0,3460000,2026-09-17,House,,,,domain.com.au,,False,True,False,3442747.2447935175,-17252.755206482485,17252.755206482485,-0.49863454353995623
P0201,"4 Burnie Street, Blacktown NSW 2148",Blacktown,2148,3,1,2,,1225000,2026-06-14,House,Auction,,,Domain.com.au / RaineHorne.com.au,,True,True,False,941737.5353385861,-283262.4646614139,283262.4646614139,-23.123466502972565
P0202,"18 De Castella Drive, Blacktown NSW 2148",Blacktown,2148,4,3,2,573.0,1640000,2026-04-29,House,Prior to Auction,,,Domain.com.au / RaineHorne.com.au,,False,True,False,1150573.445419302,-489426.554580698,489426.554580698,-29.843082596384026
P0203,"13 Braddon Street, Blacktown NSW 2148",Blacktown,2148,4,2,3,556.0,1020000,2024-10-28,House,Not stated,,,Domain.com.au / RaineHorne.com.au,,False,True,False,1147750.2206588457,127750.22065884573,127750.22065884573,12.52453143714174
P0204,"29 Killarney Avenue, Blacktown NSW 2148",Blacktown,2148,4,3,4,,1310000,2024-07-13,House,Auction,,,Domain.com.au / RaineHorne.com.au,,True,True,False,1379505.1237064407,69505.12370644067,69505.12370644067,5.305734634079441
P0205,"8 Cedar Place, Blacktown NSW 2148",Blacktown,2148,4,2,1,695.6,1190000,2026-02-03,House,Prior to Auction,,,Domain.com.au / RaineHorne.com.au,,False,True,False,1118484.6244088707,-71515.3755911293,71515.3755911293,-6.009695427825991
P0206,"16 Monash Road, Blacktown NSW 2148",Blacktown,2148,6,2,2,740.0,1040000,2023-11-24,House,Private Treaty,,,Domain.com.au / RaineHorne.com.au,Sale predates typical 'recent' window - verify,False,True,False,1155326.7159327702,115326.71593277017,115326.71593277017,11.0891073012279
P0207,"8 Andre Place, Blacktown NSW 2148",Blacktown,2148,6,3,4,,1525000,2025-12-04,House,Private Treaty,,,Domain.com.au / RaineHorne.com.au,,True,True,False,1369731.4913787544,-155268.50862124562,155268.50862124562,-10.18154154893414
P0208,"25 Virginia Street, Blacktown NSW 2148",Blacktown,2148,4,1,3,,1120000,2026-07-26,House,Auction,,,Domain.com.au / RaineHorne.com.au,,True,True,False,1272314.6643550615,152314.66435506148,152314.66435506148,13.59952360313049
P0209,"48A Robyn St, Blacktown NSW 2148",Blacktown,2148,4,2,4,301.5,975000,2023-11-11,House,Auction,,,Domain.com.au / RaineHorne.com.au,,False,True,False,1190081.3696679685,215081.36966796848,215081.36966796848,22.059627658253177
P0210,"28 Balbeek Avenue, Blacktown NSW 2148",Blacktown,2148,3,1,2,,915000,2024-03-18,House,Not stated,,,Domain.com.au / RaineHorne.com.au,,True,True,False,994374.1334442666,79374.13344426663,79374.13344426663,8.67476868243351
P0211,"12 Green Street, Blacktown NSW 2148",Blacktown,2148,3,2,2,,967000,2024-03-18,House,Auction,,,Domain.com.au / RaineHorne.com.au,,True,True,False,961550.0986434346,-5449.901356565417,5449.901356565417,-0.5635885580729489
P0212,"27 Lancelot Street, Blacktown NSW 2148",Blacktown,2148,3,1,1,,1052000,2024-06-17,House,Auction,,,Domain.com.au / RaineHorne.com.au,,True,True,False,918219.0119555849,-133780.98804441513,133780.98804441513,-12.716823958594595
P0213,"22 Stanley Street, Blacktown NSW 2148",Blacktown,2148,4,1,2,,860000,2024-02-15,House,Auction,,,Domain.com.au / RaineHorne.com.au,,True,True,False,1109669.46100022,249669.46100021992,249669.46100021992,29.031332674444176
P0214,"16 Timmins Walkway, Blacktown NSW 2148",Blacktown,2148,2,2,1,,830000,2026-01-01,House,Not stated,,,Domain.com.au / RaineHorne.com.au,"Price corrected from $1,190,000 to $830,000 after verifying against Raine & Horne sold listing; sale date still approximate",True,True,False,1103726.0918180333,273726.09181803325,273726.09181803325,32.97904720699196
P0215,"10 Western Crescent, Blacktown NSW 2148",Blacktown,2148,6,2,4,,1190000,2026-01-01,House,Prior to Auction,,,Domain.com.au / RaineHorne.com.au,"Price corrected from $610,000 to $1,190,000 after verifying against Raine & Horne sold listing; sale date still approximate",True,True,False,1273482.164764805,83482.164764805,83482.164764805,7.015307963428992
P0216,"18 Coolabah Place, Blacktown NSW 2148",Blacktown,2148,3,1,2,,912000,2026-01-01,House,Not stated,,,Domain.com.au / RaineHorne.com.au,"Price corrected from $830,000 to $912,000 after verifying against Raine & Horne sold listing; sale date still approximate",True,True,False,941737.5353385861,29737.53533858608,29737.53533858608,3.260694664318649
P0217,"19 Alam Street, Blacktown NSW 2148",Blacktown,2148,4,2,4,607.0,1450000,2025-02-12,House,Prior to Auction,,,Domain.com.au,,False,True,False,1284923.5293636066,-165076.4706363934,165076.4706363934,-11.384584181820236
P0218,"23 Panorama Parade, Blacktown NSW 2148",Blacktown,2148,4,2,3,,1400000,2025-07-14,House,Auction,,,RaineHorne.com.au,,True,True,False,1210967.2102430307,-189032.78975696932,189032.78975696932,-13.502342125497806
P0219,"28 Pembroke Street, Blacktown NSW 2148",Blacktown,2148,4,2,5,556.0,1290000,2025-05-05,House,Private Treaty,,,RaineHorne.com.au,House + council-approved granny flat,False,True,False,1191388.926997114,-98611.07300288603,98611.07300288603,-7.644269225029925
P0220,"37 Western Crescent, Blacktown NSW 2148",Blacktown,2148,4,2,2,556.0,1138000,2025-05-14,House,Off Market,,,RaineHorne.com.au,,False,True,False,1067271.60010647,-70728.39989352995,70728.39989352995,-6.215149375529872
P0221,"7 Leat Place, Blacktown NSW 2148",Blacktown,2148,3,1,4,,1291000,2024-04-10,House,Private Treaty,,,RaineHorne.com.au,,True,True,False,1028702.9788304266,-262297.0211695734,262297.0211695734,-20.317352530563394
P0222,"75 & 75A Hereward Highway, Blacktown NSW 2148",Blacktown,2148,6,3,3,582.0,1500000,2025-05-09,House,Off Market,,,RaineHorne.com.au,"House + granny flat, dual-occupancy",False,True,False,1468378.6188357796,-31621.381164220395,31621.381164220395,-2.108092077614693
P0223,"167 Kildare Road, Blacktown NSW 2148",Blacktown,2148,3,1,2,556.0,899000,2025-05-07,House,Private Treaty,,,RaineHorne.com.au,,False,True,False,985023.9708132738,86023.9708132738,86023.9708132738,9.568851035959266
P0224,"6 Birdie Circuit, Blacktown NSW 2148",Blacktown,2148,3,1,1,,960000,2025-01-16,House,Private Treaty,,,RaineHorne.com.au,,True,True,False,1012110.3640610572,52110.36406105722,52110.36406105722,5.428162923026793
P0225,"26/130 Reservoir Road, Blacktown NSW 2148",Blacktown,2148,3,1,2,,660000,2024-11-21,Townhouse,Private Treaty,,,RaineHorne.com.au,"Townhouse, not a standalone house",True,True,False,814635.7305385679,154635.73053856788,154635.73053856788,23.429656142207254
P0226,"78/130 Reservoir Road, Blacktown NSW 2148",Blacktown,2148,3,2,2,,707000,2025-05-05,Townhouse,Private Treaty,,,RaineHorne.com.au,"Townhouse, not a standalone house",True,True,False,775025.5272233987,68025.52722339868,68025.52722339868,9.621715307411412
P0227,"16 Sparkle Avenue, Blacktown NSW 2148",Blacktown,2148,4,3,3,765.0,1225000,2025-03-11,House,Private Treaty,,,RaineHorne.com.au,,False,True,False,1502076.3323522247,277076.33235222474,277076.33235222474,22.618476110385693
P0228,"28 Hunter Street, Blacktown NSW 2148",Blacktown,2148,3,1,2,556.0,953000,2025-02-10,House,Auction,,,RaineHorne.com.au,,False,True,False,944016.1541008096,-8983.845899190404,8983.845899190404,-0.94269107021935
P0229,"110 Fairwater Boulevard, Blacktown NSW 2148",Blacktown,2148,4,2,2,,1130000,2025-03-17,House,Auction,,,RaineHorne.com.au,,True,True,False,1051171.368288744,-78828.63171125599,78828.63171125599,-6.975985107190796
P0230,"17 Cardiff Street, Blacktown NSW 2148",Blacktown,2148,3,1,2,,1100000,,House,Not stated,,,RaineHorne.com.au,Sale date not stated on source listing - verify,True,True,True,943508.5770930543,-156491.4229069457,156491.4229069457,-14.226492991540518
P0231,"263A Flushcombe Road, Blacktown NSW 2148",Blacktown,2148,4,2,3,,1250000,,House,Not stated,,,RaineHorne.com.au,Sale date not stated on source listing - verify,True,True,True,1307642.3167194598,57642.316719459835,57642.316719459835,4.611385337556787
P0232,"37 Charles Street, Blacktown NSW 2148",Blacktown,2148,4,2,2,,1146000,,House,Not stated,,,RaineHorne.com.au,Sale date not stated on source listing - verify,True,True,True,1094190.4751966984,-51809.52480330155,51809.52480330155,-4.520900942696471
